"display_title","summary_short","critics_pick"
"1","A bawdy college kegger has a possible extraterrestrial mystery in 1",1
"10 Cloverfield Lane","JJ Abrams produced but did not direct this thriller which is only slightly connected to his Cloverfield 2008 and stars Mary Elizabeth Winstead",1
"10,000 Saints","A troubled Vermont teenager is sent to live with his estranged father in New York and finds himself there during a defining cultural moment",1
"12 Years a Slave","Steve McQueens 12 Years a Slave based on the true story of Solomon Northup drives straight to the heart of the cruelties of oppression",1
"127 Hours","Danny Boyles 127 Hours recreates the ordeal of Aron Ralston the hiker who decided to extricate himself from a narrow slot of rock by severing an arm",1
"13 Cameras","A creepy landlord a fathertobe with a wandering eye and a lot more than a couple bargained for in renting a home",1
"17 Girls","When a high school alpha girl becomes pregnant 16 other girls follow suit in the film 17 Girls which wavers between light comedy and drama",1
"20th Century Women","Annette Bening stars as a complicated and divorced Santa Barbara mother in Mike Millss funny emotionally piercing new film",1
"45 Years","Charlotte Rampling and Tom Courtenay play a couple whose union is unexpectedly complicated by the discovery of the husbands longdead former girlfriend in a glacier",1
"45365","The documentary 45365 looks at the residents of Sidney Ohio",1
"4th Man Out","Adam a mechanic in his 20s who has recently come out tries dating apps with the encouragement of his three lifelong buddies",1
"7 Boxes","A pushcart delivery boy in Paraguay takes a job for a shady butcher and chaos ensues in this film directed by Juan Carlos Maneglia and Tana Schmbori",1
"78/52","A documentary by Alexandre O Philippe finds plenty to examine in one of the most memorable scenes in American film",1
"99 Homes","Ramin Bahranis tale is on one level a fable about how impersonal economic forces shape individual destinies",1
"A Bigger Splash","This film filled with beautiful people is a reluctant thriller about a rock star her current lover her former lover and a pretty young thing",1
"A Dark Song","This intense debut feature from the Irish director Liam Gavin with its spare style is a marriage of acting and atmosphere",1
"A Film with Me in It","A Film With Me in It is a slender supple comedy graced with appealing performers and laced with agreeable poison",1
"A Ghost Story","Casey Affleck and Rooney Mara play a young couple one of whom is dead in David Lowerys haunting new film",1
"A Good Man","A Good Man a documentary by Safina Uberoi follows Chris Rohrlach an Australian farmer who opens a legal brothel",1
"A Hologram for the King","Set in Saudi Arabia this subdued absurdist farce reflects on American decline and runaway technology",1
"A Little Chaos","Ms Winslet plays a gardener well ahead of her time in this Louis XIVera costume drama directed by and starring Alan Rickman",1
"A Most Violent Year","A family its heatingoil business and New York are at the center of J C Chandor8217s 8220A Most Violent Year8221",1
"A Prophet","A Prophet is one of those rare films in which the moral stakes are as insistent and thought through as the aesthetic choices",1
"A Room and a Half","A Room and a Half is a rich heady fictionalized biography of the exiled Russian poet Joseph Brodsky",1
"A Screaming Man","A Screaming Man by the Chadianborn filmmaker MahamatSaleh Haroun is a tender story about an individual at the intersection of the personal and the political",1
"A Small Act","A Small Act follows Chris Mburu who as a child in Africa was sponsored by Hilde Back a woman in Sweden",1
"A Summer's Tale","Eric Rohmers languid 1996 film A Summers Tale finally released in the United States focuses on a young man vacationing in Brittany who feels torn among three women",1
"A United Kingdom","This romance illustrates the struggle for African independence from colonialism under the shadow of apartheid",1
"A Useful Life","In Federico Veirojs film A Useful Life the programmer of a failing art house faces a challenge to his hermetic existence",1
"A Very Harold & Kumar 3-D Christmas","The comedy A Very Harold  Kumar 3D Christmas again delights in the recreational drug use of its two stoner characters",1
"Accidental Courtesy: Daryl Davis, Race & America","A man who confronts racism with friendliness in his travels",1
"Aferim!","Romanias entry for consideration at the Academy Awards for best foreignlanguage film Radu Judes historical drama has resonance in our present age",1
"After the Storm","The Japanese director Hirokazu Koreedas latest family drama focusing on a writer whos fallen on hard times works in a quiet cinematic register",1
"Afterimage","This passionate political movie tells the story of Wladyslaw Strzeminski a reallife artist who suffered under Soviet rule",1
"Afternoon","This Tsai Mingliang film features him and the actor Lee Kangsheng discussing personal issues in a minimalist setting",1
"Aida's Secrets","This documentary follows Izak Szewelewicz who was sent to Israel as a toddler after World War II on a search for the brother he didnt know he had",1
"All is Bright","Paul Giamatti and Paul Rudd play professional thieves attempting to give up crime in All Is Bright a new film directed by Phil Morrison",1
"All the Money in the World","Mr Plummer who replaced Kevin Spacey in the role of J Paul Getty is magnetic in the film which recounts the 1973 kidnapping of his grandson",1
"Allied","Allied is not so much a work of art as a triumph of craft possibly the purest and most relaxed demonstration of the director Robert Zemeckiss mastery",1
"Almost Christmas","David E Talberts film is often disarmingly entertaining with an appealing and talented cast that includes Danny Glover Gabrielle Union and MoNique",1
"Always Shine","Actresses try to renew their friendship during a weekend visit to Big Sur Calif but jealousies and old resentments bubble up",1
"Amanda Knox","This documentary about the case of an exchange student killed in Italy focuses less on an accused killer and more on unprincipled journalism and unapologetic sexism",1
"American Honey","Andrea Arnolds new feature her first set in the United States with a cast mostly of newcomers follows a band of aimless youths around the country",1
"American Hustle","American Hustle starring Christian Bale and Amy Adams may be about a famous federal sting but its also a love story",1
"Amy","Asif Kapadias documentary is a harrowing look at the singers life that drives home the costs of celebrity and fandom",1
"An Inconvenient Sequel: Truth to Power","A followup to An Inconvenient Truth with new information on climate change and even some positive developments",1
"An Oversimplification of Her Beauty","Terence Nance writes directs and acts in An Oversimplification of Her Beauty his film about the sweet romantic tension between two close friends",1
"Anesthesia","This film considers the cruel paradox of living amid lifeenhancing technological miracles that dont fulfill a yearning for a more purposeful existence",1
"Angkor Awakens: A Portrait of Cambodia","Robert H Liebermans documentary scrutinizes the harrowing abuses and tormented legacy of the Khmer Rouge regime",1
"Another Year","Mike Leighs Another Year like many of his films is about the casualties of British class consciousness But it also trains its eye on another form of unfairness the unequal distribution of happiness",1
"Anthropoid","Cillian Murphy and Jamie Dornan star as Resistance fighters in Czechoslovakia who set out to assassinate one of the chief architects of the Holocaust",1
"Anton Chekhov's The Duel","Dover Kosashvilis new film adapts The Duel by Chekhov in a naturalistic style",1
"Apprentice","In this film from Singapore the chief executioner at a highsecurity prison takes on a new assistant",1
"April and the Extraordinary World","In an altered century with stunted technology a Parisian and her talking cat try to figure out why so many scientists are disappearing",1
"Argo","Argo is a doozy of a story and so borderline ridiculous that it sounds like something that could have been cooked up only by Hollywood",1
"Arrival","In Denis Villeneuves film Amy Adams plays a linguist struggling to understand interplanetary visitors checking in at 12 spots around the globe",1
"As I Open My Eyes","A headstrong singer comes of age on the eve of Tunisias Jasmine Revolution",1
"At Middleton","The romantic comedy At Middleton is also a delicate film about two people confronting their flawed marriages",1
"Aurora","Cristi Puiu stars in and directs Aurora an enigmatic feature about human relations in presentday Romania",1
"Babies","Babies a documentary by Thomas Balms chronicles the first year in the lives of four farflung infants",1
"Baby Driver","Burning rubber and hot licks help propel this action movie about a getaway driver named Baby played by Ansel Elgort Edgar Wright directed",1
"Ballplayer Pelotero","Ballplayer Pelotero is a stark documentary that examines the process of scouting young baseball players in the Dominican Republic",1
"Balls Out","8220This isn8217t about winning8221 says the coach of the motley intramural football team at the center of this comedy 8220It8217s about winning at the last possible second8221",1
"Barbershop Punk","The documentary Barbershop Punk follows one mans battle against Comcast and how it restricts Internet traffic",1
"Barbershop: The Next Cut","This movie revives the Barbershop franchise bringing back Ice Cube as the owner of a haircutting establishment on Chicagos South Side",1
"Battle for Brooklyn","Battle for Brooklyn a documentary by Michael Galinsky and Suki Hawley chronicles the Atlantic Yards project and the work of a resident who has fought against it",1
"Beach Rats","Eliza Hittmans refreshing sophomore feature centers on its main characters existential crisis",1
"Beauty and the Beast","A compassionate Belle and a splendid monster are the hallmarks of this liveaction remake of the 1991 animated film",1
"Before Midnight","Before Midnight follows the continuing romance of characters played by Julie Delpy and Ethan Hawke in the third film in a series directed by Richard Linklater",1
"Best and Most Beautiful Things","This documentary follows a young woman who is legally blind and has Aspergers syndrome as she enters adulthood and explores a new identity",1
"Beyond the Edge","With reenactments and archival material Leanne Pooley recounts Edmund Hillary and Tenzing Norgays ascent of Mount Everest",1
"Beyond the Lights","In Gina PrinceBythewood8217s 8220Beyond the Lights8221 a pop star lives a lonely life before meeting a police officer with ambitions of his own",1
"Big Game","In this adventure a Scandinavian teenager encounters the American president who has bailed out of a doomed Air Force One over the Finnish woods",1
"Big Men","Rachel Boyntons documentary Big Men is about the 2007 discovery of oil off the coast of Ghana and the perfect storm of avarice that develops around it",1
"Big Sur","Michael Polishs film Big Sur is based on Jack Kerouacs visits to that coastal California region where he fled the literary success that followed the publication of On the Road",1
"Bikes vs Cars","From a cabdriver in Copenhagen to an activist in So Paulo Fredrik Gerttens documentary presents a wide range of viewpoints",1
"Bill Cunningham New York","Richard Presss documentary Bill Cunningham New York follows that On the Street fashion photographer of The New York Times",1
"Bill Frisell: A Portrait","The director Emma Franz focuses on a musician who seems to never stop playing featuring great collaborators of this no drama artist",1
"Birdman","Alejandro G I241225rritu8217s comedy 8220Birdman8221 stars Michael Keaton as a onetime movie superhero betting his career on a strange Broadway play",1
"Bitch","Jason Ritter plays a husband whose wife goes to the dogs in this feminist horrorcomedy",1
"Black Swan","In Black Swan Natalie Portman plays an ambitious ballerina straining to handle stardom",1
"Blackhat","In Michael Mann8217s 8220Blackhat8221 a hacker is provisionally released from prison to combat a cybercriminal who has sabotaged a nuclear plant and manipulated a financial market",1
"Blank City","The documentary Blank City looks at iconoclastic downtown New York filmmakers in the late 1970s and early 80s",1
"Bleed for This","The film tells the true story of the brash fighter Vinny Pazienza who fractured his neck in a car accident but earned his place back in the ring",1
"Blind","A Norwegian woman who recently lost her sight struggles to keep in touch with the visual world in Eskil Vogt8217s debut feature",1
"Blue Jasmine","Cate Blanchett plays a wealthy woman who has lost her money and her bearings in Blue Jasmine directed by Woody Allen",1
"Bluebird","In this film set in a Maine logging town a schoolbus driver deals with the repercussions of a tragic mistake",1
"Bombay Beach","Bombay Beach a documentary about an abandoned California wonderland that still holds wonder for some of its residents",1
"Boom Bust Boom","This film by Terry Jones formerly of Monty Python explores the 2008 financial collapse and the possibility of more crashes through animation puppetry and interviews with economists",1
"Born to Be Blue","Ethan Hawke plays Chet Baker in this extended riff on a jazz life written and directed by Robert Budreau",1
"Boyhood","Richard Linklaters tender and profound film which follows a boy and his family over a dozen years in real time is a meticulously textured work set to the rhythm of life",1
"Braddock America","Braddock America chronicles the troubles of Braddock Pa a steel town that has seen better days",1
"Brawl in Cell Block 99","Mr Vaughn plays a reluctant avenger in this vicious thriller from the director of Bone Tomahawk",1
"Bridesmaids","Bridesmaids celebrates the giddy liberating humor of the writers Kristen Wiig and Annie Mumolo",1
"Broken Embraces","Can there be such a thing as exuberant melancholy I cant think of another way to describe the spirit of Broken Embraces",1
"Brooklyn","This film about a familiar American story the immigrant who arrives with dreams of the future and pangs over leaving home explores the question Where do we come from",1
"Brotherhood","Danish men who harass Pakistani immigrants beat up homosexuals and idolize Hitler while struggling with their own sexuality",1
"Buena Vista Social Club: Adios","This vital informative companion piece to Wim Wenderss 1999 documentary chronicles the latelife careers and deaths of the Buena Vista stars",1
"Bugs","Ben Reade and Josh Evans travel the world to visit cultures where insects are prepared as food",1
"Call Her Applebroog","Beth B Ida Applebroogs daughter takes an intimate look at the artists drawings paintings and emphatic engagement with others",1
"Call Me by Your Name","In the latest movie from the Italian director Luca Guadagnino I Am Love Armie Hammer plays a visiting student who falls for his hosts teenage son",1
"Call Me Kuchu","The documentary Call Me Kuchu chronicles the struggles of the gay rights movement in Uganda and its prime mover David Kato who was bludgeoned to death in January 2011",1
"Captain Fantastic","Mr Mortensen is just one of the reasons to see this film about a family forced to leave their home in the woods and become reacquainted with society",1
"Captain Phillips","Based on a true story of a hijacking by Somali pirates Captain Phillips begins as something of a procedural about men at work and morphs into a jittery thriller",1
"Carol","Two women fall in love in this new film from Todd Haynes based on the Patricia Highsmith novel The Price of Salt",1
"Cars 3","Lightning is back and feeling a bit old in this latest breezy feature in the Pixar franchise It offers life lessons that will resonate with adults as well as with children",1
"Cash Only","In Malik Baders drama the clock is ticking fast for a desperate Detroit landlord who steals money from the wrong person",1
"Catching the Sun","This documentary spotlights international efforts to build a green economy through solar power",1
"Cedar Rapids","In Cedar Rapids an insurance salesman leaves his hometown for the first time to attend a convention where he plunges into the reality of the world outside his tiny one",1
"Certified Copy","In Abbas Kiarostamis Certified Copy a couple Juliette Binoche and William Shimell drive through Tuscany arguing about art representation and authenticity",1
"Chasing Coral","Jeff Orlowskis documentary emphasizes that climate change isnt just an aboveground phenomenon  warmer oceans mean that coral reefs are in peril too",1
"Cheap Thrills","Cheap Thrills is a dark comedy about two friends who fall into a rough game with a wealthy couple they meet at a bar",1
"Chicken People","This documentary directed by Nicole Lucas Haimes looks at devotees of these fair fowl on the show circuit",1
"Chinese Puzzle","Chinese Puzzle the third film in a trilogy centers on a womanizing Frenchman who follows his exwife to New York",1
"Citizenfour","8220Citizenfour8221 about Edward J Snowden8217s quest to expose sweeping government surveillance of citizens has the effect of a spooky and deeply unsettling thriller",1
"City of Gold","Laura Gabberts documentary follows the food critic Jonathan Gold in his pursuit of excellence which can lead to a taco truck or a highend restaurant",1
"Clouds of Sils Maria","8220Clouds of Sils Maria8221 directed by Olivier Assayas examines female friendships female rivalries tabloid notoriety and the loss of privacy in the Internet age",1
"Cold Fish","Sion Sonos Cold Fish is a deliciously warped wallow in misogyny depravity and manipulation",1
"Columbus","The video essayist Kogonada uses architecture to pose larger questions in a small Indiana town",1
"Contagion","Contagion Steven Soderberghs smart spooky thriller about contemporary plagues is a paranoid freakout for the antigovernment Tea Party age",1
"Cooper & Hemingway: The True Gen","Cooper  Hemingway examines the friendship between Gary Cooper and Ernest Hemingway who shared a love of the outdoors but had strikingly different personalities",1
"Crazy Heart","Crazy Heart written and directed by Scott Cooper is a small movie perfectly scaled to the big performance at its center",1
"Creed","No 7 in a series Creed stars Michael B Jordan as Sylvester Stallones protg Its a rarity A O Scott writes a terrific boxing movie",1
"Crime After Crime","Crime After Crime favors the personal over the political creating a nofrills portrait of a stoic and remarkably unembittered woman",1
"Criminal Activities","Mr Travolta plays a crime boss with a getrichquick investment scheme in this movie from Jackie Earle Haley",1
"Cupcakes","Eytan Fox8217s dramedy sends six more or less ordinary Israelis to a Paris song competition",1
"Damn!","Damn is more than just a documentary about a quirky New York gubernatorial candidate",1
"Dark Horse","Subtitled The Incredible True Story of Dream Alliance this documentary recounts the rise of a foal who restored a Welsh villages spirits",1
"Dark Shadows","Johnny Depp plays Barnabas Collins in this comedy from Tim Burton their eighth movie together based on the soap opera from the 1960s and 70s",1
"Date and Switch","Date and Switch directed by Chris Nelson is a new entry in the high school movie pool",1
"Dawn of the Planet of the Apes","In Dawn of the Planet of the Apes civilized apes and devastated humans debate what to do about each other",1
"Daybreakers","Among the many pleasures of Daybreakers is its reminder that vampire movies can function as more than just metaphors for teenage celibacy",1
"Dear Zindagi","Gauri Shindes sharply observed film depicts a young cinematographer torn between various impulses who finds guidance from a psychologist",1
"Deliver Us From Evil","A New York police officer teams up with a priest to combat demonic possession in the horror movie Deliver Us From Evil",1
"Dementia","The titular illness is not the only disorder in the family of a Vietnam veteran who is recovering from a stroke",1
"Democrats","This documentary from Camilla Nielsson looks at recent efforts to put a constitution into place in that country",1
"Demon","A modern ghost story haunted by the Holocaust this film by the Polish director Marcin Wrona reconceptualizes the Jewish mythology of the dybbuk",1
"Dheepan","In Jacques Audiards Palme dOrwinning film the members of a makeshift family find that a housing project near Paris feels like the war zone they just left",1
"Disconnect","Disconnect with Jason Bateman and Hope Davis offers a montage of overlapping stories about thievery humiliation and exposed secrets on the Internet",1
"Disturbing the Peace","Combatants for Peace a group of individuals including many former military enemies in the Middle East seeks solutions to the regions agonized convulsions",1
"Django Unchained","Django Unchained is pulpy digressive jokey giddily brutal and ferociously profane but it is also a troubling and important movie about slavery and racism",1
"Doctor Strange","This film is so giddily enjoyable and visually transfixing you might forget that its part of Marvels strategy for world domination",1
"Don’t Think Twice","The movie follows an improv troupe and its members who can be both supportive and catty",1
"Drunk Stoned Brilliant Dead: The Story of the National Lampoon","Douglas Tirolas documentary about The National Lampoon brings back the 1970s when Well kill this dog was an acceptable magazine cover line",1
"Dunkirk","In his brilliant new film Christopher Nolan revisits a harrowing true World War II mission in a story of struggle survival and resistance",1
"E agora? Lembra-me","Joaquim Pinto and his husband open their lives to the audience in What Now Remind Me",1
"Eat That Question: Frank Zappa in His Own Words","A documentary about Zappa is rich in archival interviews that say worlds about this musician  who was well known but not well understood  and his times",1
"Eccentricities of a Blonde-Haired Girl","Manoel de Oliveira raises questions about the nature of life in Eccentricities of a Blond Hair Girl an adaptation of a short story by Ea de Queiros",1
"Eden","The film chronicles the electronic music scene in 1990s Paris from boom to burnout",1
"Elle","Paul Verhoevens film is a psychological thriller a strangely dryeyed melodrama a kinky sex farce and a savage comedy of bourgeois manners",1
"Elstree 1976","This Jon Spira documentary is about actors who played small roles in parts of the original Star Wars that were filmed in London",1
"Enemies of the People","Thet Sambath suggests a oneman Cambodian Truth and Reconciliation Commission Instead of affixing blame he seeks the healing power of confession",1
"Enough Said","Nicole Holofceners Enough Said stars Julia LouisDreyfus James Gandolfini and Catherine Keener",1
"Equal Means Equal","Kamala Lopezs factpacked documentary features legal experts ordinary women and feminists like Eleanor Smeal and Gloria Steinem",1
"Equity","Meera Menons film starring Anna Gunn challenges stereotypes of ambition corruption and sexism even as it exploits their tenacity",1
"Ernest & Celestine","Ernest  Celestine about a mouse and a bear offers the childhood comfort of a miniature world",1
"Escape Fire: The Fight to Rescue American Healthcare","Escape Fire argues that we can switch from a disease management system that relies on drugs to one that focuses on prevention over cure",1
"Eva","In Kike Ma237llo8217s Spanish drama a prodigy returns to his hometown to work on programming an android with the emotional life of a real child",1
"Eva Hesse","Marcie Begleiters documentary explores the originality and power of Hesse who managed to triumph in a maledominated art world before dying at 34",1
"Every Last Child","Tom Robertss documentary examines the struggles of health workers in Pakistan to vaccinate children against polio in the face of mistrust and Taliban attacks",1
"Everybody Wants Some!!","Richard Linklater calls his latest film set in 1980 a spiritual sequel to Dazed and Confused his 1970s high school masterpiece",1
"Everything Is Copy","Celebrities and family members discuss and honor Ephrons tartness in this documentary from Jacob Bernstein",1
"Évocateur: The Morton Downey Jr. Movie","vocateur The Morton Downey Jr Movie chronicles the rise and fall of this 1980s talkshow host",1
"Evolution","A young boys creepy childhood in a picturesque seaside village with an unsettling goingson",1
"Ex Machina","In Alex Garland8217s film an Internet mogul creates a gorgeous robot named Ava with unsettling consequences",1
"Exit Through The Gift Shop","A documentary follows a Frenchman who follows Banksy and other street artists",1
"Experimenter","In the intellectually playful portrait of the social psychologist Stanley Milgram the director Michael Almereyda turns a biopic into a mind game",1
"Eye in the Sky","Gavin Hoods movie is a riveting thriller  and often a grim suspenseful farce  about drone warfare and its perils",1
"Fair Game","Sean Penn and Naomi Watts star as Joseph Wilson and Valerie Plame Wilson the couple at the center of the controversy over whether Iraq had weapons of mass destruction",1
"Fairhaven","In Tom OBriens Fairhaven three old friends from a Massachusetts fishing village are reunited for a funeral",1
"Farmageddon","In the documentary Farmageddon Kristin Canty seeks to show that agribusiness is employing government agencies to harass independent farmers",1
"Fastball","This documentary written and directed by Jonathan Hock offers a batters point of view on trying to hit a superior fastball",1
"Faults","This twisty winningly unsettling feature debut of the director Riley Stearns adds a sometimes darkly comic strain to cultcentric movies",1
"Faust","Faust the concluding installment of the Men of Power tetralogy is Alexander Sokurovs freehanded adaptation of Goethes great allegorical drama",1
"Félix et Meira","Longing to feel alive a restless young woman is drawn to someone from a different world in this film directed by Maxime Giroux",1
"Fences","Starring Denzel Washington who also directed and Viola Davis this film adaptation of August Wilsons play features performances of unmatched force",1
"Field Niggas","The director Khalik Allah shows people existing in a form of bondage often created by drug addiction but he manages to find radiance as well",1
"Finders Keepers","This custody battle between an amputee and the man who unwittingly bought his leg is as authentic as the North Carolina vernacular in which it unfolds",1
"Finding Dory","The friendly blue fish with shortterm memory problems goes looking for her family and takes a star turn in this sequel to Finding Nemo",1
"Fireworks Wednesday","Asghar Farhadis film set during the boisterous New Year celebrations in Tehran dissects the imploding marriage of an affluent couple",1
"Five Came Back","A screen adaptation of Mark Harriss 2014 book adds visuals to the story of five Hollywood directors who served in World War II with cameras in tow",1
"Flight","Flight is a story of survival that hits many familiar recovery beats partly because transformation is the only way out when a star plays an addict in an American mainstream movie",1
"For Colored Girls","With For Colored Girls Tyler Perry works very hard and gets it mostly right",1
"Fort Tilden","Two selfcentered young women from New York embark on a picaresque bike ride and encounter all sorts of complications",1
"Foxcatcher","Starring Steve Carell and Channing Tatum 8220Foxcatcher8221 directed by Bennett Miller tells the truecrime story of an Olympic wrestler and his multimillionaire sponsor",1
"Free Fire","Ben Wheatleys formula for actionmovie success a best actress Oscar winner dozens of firearms and a warehouse full of testosterone",1
"Free State of Jones","Mr McConaughey plays Newton Knight the Mississippi farmer who led a dissident Confederate group in the Civil War and a political coalition after",1
"Fresh Dressed","This documentary charts how hiphop fashion initially absorbed what was around it and then eventually became the inspiration for everyone else",1
"From Nowhere","Julianne Nicholson plays a Bronx high school teacher who tries to help three undocumented students cope with the threat of being discovered by the authorities",1
"From This Day Forward","Sharon Shattucks documentary tells her family story of growing up with a transgender parent",1
"Frozen","Frozen from Disney departs a bit from the companys traditional princess formula",1
"Fruitvale Station","Fruitvale Station based on the true story of a Bay Area black man shot by a white police officer on a subway platform examines the subject with a steady objective eye",1
"Fun Size","The Nickelodeon star Victoria Justice plays a highschool student chasing down her lost little brother on Halloween in Fun Size",1
"Get On Up","Get On Up directed by Tate Taylor The Help tells the story of the RB and funk singer James Brown",1
"Get Out","This movie by Jordan Peele his first as a director of feature films is a skillful hybrid blending genres into something terrifying",1
"Gimme Danger","Jim Jarmuschs reverent documentary on Iggy Pop a provocateur is prim It includes no retrospective scenes of drug use or the bandmates fights",1
"Gleason","Clay Tweels documentary chronicles the athlete Steve Gleasons attempt to leave behind a meaningful legacy for his unborn child as ALS wreaks havoc on his body",1
"Go Go Tales","In Abel Ferraras Go Go Tales a Manhattan strip club owned by Willem Dafoe and run by Bob Hoskins faces eviction by Sylvia Miles",1
"God Bless the Child","Robert Machoian and Rodrigo OjedaBeck8217s drama creates a seemingly oblivious world of makebelieve goofing off and hanging out after a mother distressingly drives off",1
"God Loves Uganda","God Loves Uganda explores the role of the American evangelical movement in promoting a Ugandan proposal to imprison or even execute homosexuals",1
"God's Own Country","This feature debut of the writer and director Francis Lee is a bracing sometimes brutal movie",1
"Good Kill","This Andrew Niccol film is a blunt critique of remotecontrol warfare which is transforming the reality of battle into a video game whose casualties are pixels on a screen",1
"Goodnight Mommy","When Mommy comes back from the hospital a changed person with bandages obscuring her face her twins take action",1
"Grandma","Paul Weitz8217s new film centering on a feminist poet in her 70s and her granddaughter is a comedy of conflict and solidarity",1
"Grandma, A Thousand Times","In Grandma a Thousand Times the director Mahmoud Kaabour turns his camera on his spirited grandmother and her rich memories",1
"Gravity","In Alfonso Cuarns Gravity two astronauts marooned in space struggle for survival in rapidly changing circumstances",1
"Green Zone","In Green Zone action under pressure is a test and a revelation of character",1
"Greenberg","Greenberg is the funniest and saddest movie Noah Baumbach has made so far and also the riskiest",1
"Guidance","Pat Mills wrote directed and stars in this black comedy about a former child star who fraudulently gets a job of giving advice to teenagers",1
"Guy and Madeline on a Park Bench","A Bostonbased musical commentary on love and art Guy and Madeline on a Park Bench floats on a wave of spontaneity and charm",1
"Haider","A mother8217s loyalties and mystery carries the movie 8220Haider8221 a version of 8220Hamlet8221",1
"Hanna Ranch","Kirk Hanna the focus of the documentary Hanna Ranch appeared in Fast Food Nation",1
"Happy End","Isabelle Huppert Toby Jones and Mathieu Kassovitz make up a remarkable ensemble cast But Happy End belongs to JeanLouis Trintignant",1
"Harmonium","A mysterious man becomes a disruptive presence for a married couple and their daughter in Koji Fukadas wellacted family drama",1
"Harold and Lillian: A Hollywood Love Story","Meet the husbandandwife team that inspired some of the most memorable moments onscreen from The Graduate to The Birds",1
"Harry & Snowman","Ron Daviss documentary is about Snowman a white gelding and championship show jumper in his time and Harry deLeyer who raised him",1
"Harry Potter and the Deathly Hallows: Part 1","There is an especially somber and scary coloration to this installment as Harry Potter faces a perilous grownup world",1
"Harry Potter and the Deathly Hallows: Part 2","Childhood ends with tears and howls and swirls of smoke the shock of mortality and bittersweet smiles in the grave deeply satisfying final movie in the Harry Potter series",1
"He Never Died","Henry Rollins plays Jack who has spent centuries perfecting the art of being nondescript in this enjoyably strange horror film",1
"Heaven Knows What","Directed by Josh and Benny Safdie 8220Heaven Knows What8221 chronicles an addict and her pursuits on the streets of New York",1
"Heist: Who Stole the American Dream?","The documentary Heist Who Stole the American Dream argues that the seeds of the recent financial collapse were sown 40 years ago in a memo",1
"Hell or High Water","Brothers on a bankrobbing spree make their way through a desert of economic decline in this film by David Mackenzie",1
"Her","Her directed by Spike Jonze centers on a lonely soul who is drawn out by the female voice of his computer operating system",1
"Hereafter","A new film from Clint Eastwood contemplates whether the end of life is really the end",1
"Hide Your Smiling Faces","Daniel Patrick Carbones haunting debut feature offers a dark vision of boyhood adventure in a great outdoors fraught with peril",1
"Higher Ground","Vera Farmiga stars in this film her directorial debut a drama that weighs the merits of faith against a secular sensibility",1
"Hitchcock/Truffaut","This documentary revisits a 1962 conversation between the two directors in a documentary format with commentary from film luminaries",1
"Hoje Eu Quero Voltar Sozinho","A young man who happens to be blind begins to indulge his independence and understand his sexuality in 8220The Way He Looks8221",1
"Homeland: Iraq Year Zero","This twopart film from Abbas Fahdel gives a beforeandafter account of his relatives lives around the time of the 2003 conflict",1
"Homo Sapiens","Images of abandoned places built or scarred by humankind make up what could be described as an environmental documentary",1
"Hot Tub Time Machine","In Hot Tub Time Machine three guys revisit the 80s Nostalgia naturally ensues",1
"How I Ended This Summer","How I Ended This Summer set at an Arctic weather station is a suspenseful manbravingtheelements adventure and a psychological thriller",1
"Hugo","Martin Scorseses 3D film adaptation of the childrens novel The Invention of Hugo Cabret is also a homage to early cinema",1
"Hunt for the Wilderpeople","Taika Waititis comedy centers on a foster child in New Zealand first placed with an older couple and then on the run",1
"Hunter Gatherer","Running in place is the point of Josh Locys film which spotlights the repetitive daily struggles of those with few resources beyond optimism and resolve",1
"I Am Eleven","In Genevieve Baileys documentary I Am Eleven 11yearolds in 15 countries talk about home school war love marriage and visions of the future",1
"I Am Love","In this soaringly beautiful Italian film nothing holds your gaze as forcefully as Tilda Swintons alabaster face",1
"I Am Not Your Negro","Raoul Pecks documentary is an important introduction to James Baldwins work and an advanced seminar in racial politics",1
"I Love You Phillip Morris","I Love You Phillip Morris based on a reallife story stars Jim Carrey as a charismatic con man",1
"I Remember You","The director Oskar Thor Axelsson prefers mood and compelling human conflict over copious gore to deliver chills The result is effective",1
"I'm Glad that My Mother is Alive","Im Glad My Mother Is Alive directed by the fatherson team of Claude and Nathan Miller focuses on the psychological profile of a boy who finds the woman who gave him up for adoption",1
"In Order of Disappearance","Stellan Skarsgard stars in this dark comedy in which drug dealers feel the wrath of a father who has lost his son",1
"In The Family","What it means to be a family is explored in Patrick Wangs selfdistributed film In the Family which survived 30 rejections by film festivals",1
"In Transit","Albert Maysless last documentary observes passengers traveling Amtraks route between Chicago and the Pacific Northwest",1
"Indignation","A period novel by Philip Roth inspired by his own college years is the basis of this tale about a young Jewish man and sex and morality in the Korean War era",1
"Inherent Vice","8220Inherent Vice8221 Paul Thomas Anderson8217s adaptation of the Thomas Pynchon novel is a labyrinthine noir set in sunny Los Angeles circa 1970",1
"Inside Job","Charles Fergusons documentary looks at the origins of the 2008 financial crisis",1
"Inside Llewyn Davis","Inside Llewyn Davis is an intoxicating somewhat surreal ramble through the Greenwich Village folk scene in 1961",1
"Inside Out","Pete Docters new animated film with the voices of television comedians like Amy Poehler Mindy Kaling and Bill Hader brings to life an 11yearolds interior drama",1
"Insidious: Chapter 3","In this prequel to the original movie directed by Leigh Whannell a teenager enlists ghost hunters to try to connect with her dead mother",1
"Interstellar","In Christopher Nolans sciencefiction parable Interstellar Earth is dying and a team of astronauts searches the universe for a new home for the human race",1
"Into the Woods","8220Into the Woods8221 Rob Marshall8217s Disney screen adaptation of the Stephen SondheimJames Lapine musical is a mashup of Grimm fairy tales viewed through a postFreudian prism",1
"Iris","Mr Maysles8217s penultimate documentary shows the 93yearold Ms Apfel in all her bedecked glory and the confused reactions she elicits",1
"It Comes at Night","The sophomore feature by Trey Edward Shults is as spookily selfassured and ambitious as Krisha",1
"It Felt Like Love","It Felt Like Love considers the dangers of teenage desire through the experiences of a coltish 14yearold girl who randomly fixes on a weedsmoking tough guy",1
"It Follows","David Robert Mitchell8217s second feature film is set in a Detroit suburb where a deadly menace is passed from one person to another through sex",1
"J. Edgar","J Edgar is less the story of the public face of the FBI than it is a look at the private man",1
"Jackie","Natalie Portman is perfect in Pablo Larrans multifaceted portrait of the former first lady Jacqueline Kennedy as an embodiment of grief and as an architect of brilliant political theater",1
"Jajouka, Something Good Comes to You","Jajouka Something Good Comes to You playing at the Museum of Modern Art tells the story of a band from a Moroccan village",1
"James White","The title character played by Christopher Abbott grapples with his future while caring for his ailing mother in this Josh Mond film",1
"Jane Eyre","Cary Joji Fukunagas Jane Eyre starring Mia Wasikowska is a splendid example of how to tackle the daunting duty of turning a beloved work of classic literature into a movie",1
"Jean-Michel Basquiat: The Radiant Child","Tamra Daviss documentary a romantic depiction of JeanMichel Basquiat blazingly brings to life the artists work and its cultural context",1
"Jia Zhangke, a Guy From Fenyang","The documentary is a decent and conscientious companion piece to Mr Zhangkes films",1
"Jim & Andy: The Great Beyond - Featuring a Very Special, Contractually Obligated Mention of Tony Clifton","In his documentary about Jim Carrey Andy Kaufman and the making of Man on the Moon the director Chris Smith finds multiple realities and laughs",1
"Joan Didion: The Center Will Not Hold","This documentary is directed by Griffin Dunne Ms Didions nephew a relationship that limits the movie in certain ways but opens it up in others",1
"Joan Rivers: A Piece Of Work","This convulsively funny movie takes an upclose and sometimes queasypersonal approach to its motormouth subject",1
"John Wick","In 8220John Wick8221 a thriller starring Keanu Reeves the protagonist resumes his career as an assassin after villains break into his home and kill his dog",1
"Joshy","Written and directed by Jeff Baena this comedy features Thomas Middleditch and Adam Pally among others enjoying a weekend of middleclass debauchery",1
"Judy Moody and the Not Bummer Summer","Judy Moody and the Not Bummer Summer is John Schultzs exuberant film featuring Megan McDonalds popular childrens book character",1
"Karl Marx City","In this documentary a filmmaker returns to her hometown in the former East Germany seeking personal and political insight",1
"Kedi","This documentary profiles distinctive street cats in Istanbul and the human communities that interact with them",1
"Kevin Hart: What Now?","The comedian documents his popular 2015 tour in ways surprising and satisfying twothirds of the time",1
"Khodorkovsky","The Russian Mikhail Khodorkovsky became an oligarch but his fortunes fell when he was incarcerated His story is the focus of a documentary by Cyril Tuschi",1
"Kicks","This debut feature depicts a 15yearold in a tough neighborhood who buys the shoes of his dreams  and the desperation he feels when they are taken from him",1
"Kill Me Please","Murdered women arouse adolescent hormones in this gorgeous Brazilian thriller",1
"King Jack","Felix Johnsons comingofage story portrays a teenage boy in a small town in which a bully exercises his capacity for cruelty",1
"Knock Knock","The actor plays a father who succumbs to a pair of women on a stormy night only to awaken afterward to find himself tormented by them",1
"Krisha","A house in Texas becomes the site of a womans undoing in Trey Edward Shultss film",1
"Kubo and the Two Strings","This movie from Laika Films Coraline and ParaNorman combines stopmotion animation and computergenerated backgrounds with a moving and magical tale",1
"La Camioneta: The Journey of One American School Bus","The documentary La Camioneta follows the journey of a decommissioned American school bus as it travels from Virginia to Guatemala",1
"La jalousie","In Philippe Garrels Jealousy emotional ambivalence and wayward passion span years among a group of struggling artists",1
"La La Land","Ms Stone and Mr Gosling sing and dance their way to art and love in Damien Chazelles new movie",1
"La pirogue","The Pirogue is the story of 30 men and one woman who set off in a long brightly painted wooden canoe on a voyage from Africa to Spain",1
"Lady Bird","Saoirse Ronan plays a high school senior who insists on asserting her individuality and it makes for a thrilling film",1
"Laurence Anyways","In Laurence Anyways a couple endure  off and on  after one confides to the other that he wants to become a woman",1
"Le Prénom","Whats in a Name directed by Matthieu Delaporte and Alexandre de la Patellire centers on a fractious dinner party",1
"Learning to Drive","This grownup drama stars Patricia Clarkson as a New York book critic and Ben Kingsley as her IndianAmerican driving instructor",1
"Leaves of Grass","Edward Norton plays two roles in a straighttwinstonedtwin comedy",1
"Lee Daniels' The Butler","Forest Whitaker plays the title character in Lee Daniels The Butler which covers eight presidential administrations and beyond",1
"Len and Company","Rhys Ifans stars as a disaffected former rock star who retreats to the countryside after a meltdown only to host some surprise guests with concerns of their own",1
"Leonard Cohen: Bird on a Wire","Tony Palmers documentary follows this singersongwriter in an early phase of his career during a somewhat disordered 1972 European tour",1
"Let It Fall: L.A. 1982-1992","Politicians the police victims and survivors deliver an oral history of the rising racial tensions that led to the early1990s Los Angeles riots",1
"Let It Rain","The lowlevel politicians and media types who inhabit Agns Jaouis Let It Rain feel victimized in one way or another",1
"Let Me In","In the vampire romance Let Me In Matt Reeves tells a tale not about sex but rather about the fragility and loneliness of children",1
"Let the Fire Burn","Let the Fire Burn compiles found video to offer a riveting chronicle of the radical group Move and the Philadelphia polices catastrophic siege of its headquarters in 1985",1
"Letters from the Big Man","Sasquatch makes a connection with a woman of the woods in Christopher Munchs lovely delightfully idiosyncratic Letters From the Big Man",1
"Lincoln","Lincoln starring Daniel DayLewis is more a political thriller than a biopic a civics lesson that is energetically staged and alive with moral energy placing slavery at the center of the story",1
"Lion Ark","The documentary Lion Ark follows a team of rescuers as they track down lions exploited in Bolivian shows",1
"Little Men","In an adventure story edged with unspoken risks the young actors take the kind of chances that their more careful elders have been trained to avoid",1
"Little White Lie","In the documentary Little White Lie a girl who grew up viewing herself as Jewish and white gradually begins to realize that her biological father was black",1
"Logan Lucky","This classconscious caper with Channing Tatum and Adam Driver as downontheirluck brothers is ridiculously entertaining",1
"Long Strange Trip","Amir BarLevs fourhour documentary chronicles the bands deeply musical journey while placing it at the joyous center of the counterculture",1
"Lord Byron","Paul Batiste stars in this Lord Byron which was made for less than 1000",1
"Lost River","Bleak Michigan scenery is the backdrop for a form of horror film that ponders people and places left behind in the name of progress",1
"Love & Air Sex","Love  Air Sex which follows two couples whose relationships have recently dissolved is set in a city teeming with singles and air sex competitions",1
"Love & Friendship","This adaptation starring Kate Beckinsale is enlivened by Mr Stillmans keen eye for character and Austens sense of fun",1
"Love & Mercy","In Bill Pohlad8217s Beach Boys biopic Paul Dano plays Mr Wilson in the 1960s making 8220Pet Sounds8221 and John Cusack plays him in the 1980s making peace",1
"Love Hunter","The Serbian film Love Hunter centers on an ambitious Serbian musician trying to succeed in New York while making ends meet as a cabdriver",1
"Lovers of Hate","The bond between two brothers becomes irretrievably twisted in Lovers of Hate",1
"Loves Her Gun","After a violent mugging a young New York woman moves to Austin Tex in search of peace and security in Loves Her Gun",1
"Lovesong","The movie directed by So Yong Kim explores the mystery of unspoken love",1
"Loving","Jeff Nicholss Loving is a fictionalization of the story of Mildred and Richard Loving an interracial couple whose civil rights case went to the Supreme Court",1
"Lucky","In one of his last roles Harry Dean Stanton shines as a cantankerous old man",1
"Mad Max: Fury Road","This George Miller film with Tom Hardy as the hero has the spirit of a sequel to the original Speed and efficiency are of the essence leavened with nasty biker wit and distaste for authority",1
"Mademoiselle Chambon","In Stphane Brizs Mademoiselle Chambon a romantic triangle is barely acknowledged",1
"Maggie's Plan","This film the fifth from Rebecca Miller stars Ms Gerwig as a millennial who on the way to finding a sperm donor falls for a parttime professor",1
"Magic Mike","Channing Tatum stars in Magic Mike Steven Soderberghs funny enjoyable romp about male strippers and the American dream",1
"Magic Mike XXL","Channing Tatum returns in this comedy which transports the audience to a world of sexual intrigue that feels as safe and wholesome as a child8217s birthday party",1
"Make Believe","Make Believe follows teenagers competing at an international magic contest in Las Vegas",1
"Making the Boys","Making the Boys is a captivating documentary about the creation of and reaction to the breakthrough play The Boys in the Band",1
"Mandela: Long Walk to Freedom","Mandela Long Walk to Freedom is a stately film biography of Nelson Mandela starring Idris Elba",1
"Manifesto","Julian Rosefeldts art installation is now a film with this chameleonic actress morphing into multiple characters",1
"Marguerite","Xavier Giannolis comedy inspired by the life of the talentless American socialite Florence Foster Jenkins stars Catherine Frot as an aspiring singer",1
"Marwencol","Jeff Malmbergs Marwencol shows how an artist recovering from an assault uses a fantasy world to heal himself",1
"Maya the Bee Movie","Maya hears nothing but donts from grownups Bees dont dream and Bees dont sing and Bees dont have fun",1
"Mediterranea","Risking everything to seek a better life in Europe two close friends leave West Africa to settle in Italy in Jonas Carpignanos first feature film",1
"Megamind","Evil becomes good and vice versa in Megamind a new 3D fantasy from DreamWorks Animation",1
"Megan Leavey","Based on a true story this film starring Kate Mara is both harrowing and heartstringtugging",1
"Men Go to Battle","This film which takes place during the early years of the Civil War pushes back against the rigid formality of the period genre",1
"Menashe","In this sweet often understated film set in a Hasidic neighborhood the title character is a widower who must remarry to regain custody of his son",1
"Meru","This film about mountain climbers pokes at the psychology of extremity zeroing in on pushthelimits personalities for whom calculating risk is a way of life",1
"Mia Madre","Nanni Morettis film starring Margherita Buy as a movie director and John Turturro as an American star makes a case for blurriness in art and life",1
"Michael","Michael puts the viewer in the shoes of the perpetrator and to a lesser degree his captive much of whose relationship resembles a fatherson bond",1
"Midnight in Paris","Woody Allen with the help of Paris and the ghosts of its famous dead has found a credible blend of whimsy and wisdom",1
"Miles Ahead","Don Cheadle stars in  and directed  this biopic about the jazz trumpeter who was a sly chameleon both in his life and in his music",1
"Miss Hokusai","This extraordinary film is a lively inquiry into the life of the daughter of the 19thcentury Japanese painter Katsushika Hokusai",1
"Miss Peregrine’s Home for Peculiar Children","Tim Burtons adaptation of the novel by Ransom Riggs describes the adventures of an adolescent who travels through time to prove his grandfather right",1
"Mission to Lars","This documentary focuses on a man with fragile X syndrome whose lifelong wish has been to meet Lars Ulrich the drummer for Metallica",1
"Mistaken for Strangers","A scruffy documentary of the band the Nationals 201011 European tour is less about the music than about leftfield interviews with bemused band members",1
"Mister Universo","The Italian directors Tizza Covi and Rainer Frimmels hybrid of a film follows a young man on a sort of odyssey across Italy",1
"Mistress America","This smart fastpaced film advertised as a screwball comedy subverts this most buoyant of genres with a steady undertow of anxiety dread and anger",1
"Moneyball","Brad Pitt plays Billy Beane the baseball executive who challenged traditions of the game in Moneyball",1
"Monster Trucks","A smalltown teenager and a creature released by a geyser are unlikely friends in this liveaction ecofable from the Ice Age director Chris Wedge",1
"Moonlight","Our critic AO Scott says this film about a young black mans coming of age is both a disarmingly personal film and an urgent social document",1
"Moonrise Kingdom","Wes Andersons new film Moonrise Kingdom is a selfconsciously onceuponatime tale of two romantic 12yearolds who create their own paradise by running away",1
"Morris From America","An American teenager seeks his place in the world in Heidelberg Germany",1
"Most Beautiful Island","This suspense film about a woman entering a rabbit hole of urban peril is an effective writingdirecting debut for Ana Asensio who also stars",1
"Mr. Right","This hybrid action thriller and romantic comedy follows Martha who meets a blithe charmer and discovers that hes a hit man",1
"Mud","In Jeff Nicholss third feature two Arkansas boys discover a boat on an overgrown island in the Mississippi River and also discover the leathery loner who inhabits it",1
"Mudbound","Dee Reess new film illuminates the daily cruelties in postWorld War II Mississippi",1
"Mundo Alas","Len Gieco the wellknown Argentine folk singer is determined to put the spotlight on others in the documentary Mundo Alas World Wings",1
"Musicwood","Musicwood a documentary by Maxine Trump examines the thicket of issues that pit Native Americans in Alaska against the makers of acoustic guitars",1
"My Golden Days","Arnaud Desplechins film tells of a middleaged anthropologist and the women who left their imprint on different stages of his life",1
"My Joy","My Joy directed by Sergei Loznitsa creates an air of dread that instantly settles around a young truck driver",1
"My King","Told in flashback this film follows the collision and decadelong duel between a guarded lawyer and an impulsively charismatic restaurateur",1
"My Piece of the Pie","In My Piece of the Pie Cdric Klapisch portrays the relationship between a business wheelerdealer and his housekeeper",1
"My Voice, My Life","This documentary from Ruby Yang about students who are not the expected high achievers captures the feeling of spreading one8217s wings onstage for the first time",1
"Nana","Nana a French film by Valrie Massadian sees the world through the eyes of a 4yearold girl on a farm",1
"Nebraska","Nebraska Alexander Paynes fourth film set at least partly in his home state stars Bruce Dern Will Forte and June Squibb in a comedy that gets under a cantankerous older mans skin",1
"Neil Young Journeys","In Jonathan Demmes new documentary Neil Young Journeys the roar is more earthshaking than earsplitting",1
"Neil Young Trunk Show: Scenes From a Concert","Beautifully lighted and meticulously recorded Neil Young Trunk Show looks and sounds like several million bucks",1
"Nenette","The voices of visitors to a Paris zoo serve as a soundtrack to Nicolas Philiberts new film",1
"Niki and Flo","In Niki and Flo two aging neighbors linked by the marriage of their children represent a bridge  and also a battle  between the old Romania and the new",1
"Nise: The Heart of Madness","A drama from Brazil about a psychiatrist who defied medical orthodoxy and treated patients with paint brushes instead of spikes and electroshock therapy",1
"No No: A Dockumentary","No No A Dockumentary looks at the career of Dock Ellis a pitcher with the Pittsburgh Pirates",1
"Nobody's Watching","An Argentine actor played by Guillermo Pfening pins his hopes on a movie career in America",1
"Norman","Norman The Moderate Rise and Tragic Fall of a New York Fixer Joseph Cedars latest film pits Jew against Jew on the fringes of power and influence",1
"Northern Light","The documentary Northern Light is a sneakily compelling endlessly patient observation of three workingclass families in the Upper Peninsula of Michigan",1
"Nostalgia For The Light","Nostalgia for the Light is the director Patricio Guzmns cinematic essay on the search for both our cosmic origins and disappeared political prisoners",1
"Nothing Personal","Lotte Verbeek and Stephen Rea star in Urszula Antoniaks maddeningly enigmatic and sensuous Nothing Personal",1
"Nowhere to Hide","A documentary observes the rising tide of danger and displacement for families living in central Iraq amid the arrival of the Islamic State",1
"O.J.: Made in America","This ESPN documentary extends the narrative beyond the OJ Simpson murder trial as a biography and a history of race fame sports and Los Angeles",1
"Of Gods and Men","Of Gods and Men is based on the true story of a group of French Cistercian Trappist monks caught up and ultimately killed in the violence that engulfed Algeria in the 1990s",1
"Of Men and War","This documentary filmed almost entirely in a California therapy center follows a dozen war veterans racked with emotional suffering",1
"Oki's Movie","Okis Movie in four parts explores film school and romance from the points of view of three characters",1
"Okja","Bong Joonhos latest film on Netflix is a highspeed satire with a conscience and a heart And Tilda Swinton in braces",1
"Older Than Ireland","Thirty wry oldtimers are impressive raconteurs in this documentary directed by Alex Fegan released during the centenary of the Easter Rising",1
"One Cut, One Life","In his final years the documentary pioneer Ed Pincus joined with the filmmaker Lucia Small to record his medical struggles and their own collaboration",1
"One Hundred Mornings","Conor Horgans One Hundred Mornings uses an apocalyptic event as a springboard into the human psyche",1
"Only the Brave","This action drama from Joseph Kosinski  about the Granite Mountain Hotshots of Prescott Ariz  offers some real feeling under a schematic surface",1
"Operation Avalanche","Matt Johnson and Owen Williams star in this period comedythriller about film nerds on a spy mission sneaking onto a set of 2001 A Space Odyssey",1
"Optimisti","The Optimists consists of five vignettes each of whose cynical stories of humble people embracing absurd illusions illustrate the universal impulse to believe in a better future no matter what",1
"Orgasm, Inc.","Orgasm Inc walks a careful line between lighthearted expos and gimleteyed journalism",1
"Orion: The Man Who Would Be King","Jeanie Finlays documentary tracks the Presley soundalike singer Jimmy Ellis whose career took off after Presleys death",1
"Ouija: Origin of Evil","In this prequel to Ouija Lulu Wilson delivers chills as a girl with a psychic link to a malevolent board game",1
"Our Last Tango","German Krals documentary is a portrait of the dancers Mara Nieves and Juan Carlos Copes leading tango performers for almost 50 years",1
"Papirosen","Papirosen a documentary by the filmmaker Gastn Solnicki follows generations of his PolishArgentine family",1
"Paradise: Hope","Paradise Hope the third installment in Ulrich Seidls grim film trilogy centers on an adolescent girl who is sent to a summer weightloss camp",1
"ParaNorman","Norman the focus of this beautifullooking 3D stopmotion animation is an 11yearold who cannot only see dead people but is happy to hang out with them",1
"Paterson","This story of a soulful bus driver and basement poet is deceptively simple and nearly perfect with a likely nod to William Carlos Williams",1
"Paul Taylor: Creative Domain","Kate Geis8217s absorbing new documentary follows a Taylor dance 8220Three Dubious Memories8221 as it takes shape in a matter of weeks",1
"Pawn Sacrifice","Edward Zwick directs this film interpretation of the superpowers chess battle waged by Bobby Fischer and Boris Spassky in 1972",1
"Pelican Dreams","8220Pelican Dreams8221 is a study of California8217s brown pelicans by Judy Irving the director of 8220The Wild Parrots of Telegraph Hill8221",1
"Personal Shopper","Olivier Assayass new film is both a supernatural thriller and an unnerving inquiry into the drift and mystery of modern life",1
"Phantom Halo","Rebecca Romijn and Luke Kleintank are also in the cast of this drama which focuses on the sons of a dissolute father",1
"Phantom Thread","Paul Thomas Andersons latest film is a luxuriant love story set in 1950s London",1
"Philomena","Stephen Frearss Philomena follows a Irishwoman forced to give up her son for adoption in the 1950s and the freelance reporter who helps her search for him",1
"Plot for Peace","The documentary 8220Plot for Peace8221 centers on a French commodities trader who helped broker a peaceful end to apartheid in South Africa",1
"Poetry","The South Korean director Lee Changdongs devastating humanistic film Poetry is about the importance of looking closely at the world",1
"Ponies","Ponies involves the interactions of three immigrants from different continents who converge at a ratty New York City betting parlor",1
"Praia do Futuro","This elliptical gay romance by the Brazilian writer and director Karim A239nouz follows its heroes from the warmly golden beach of the title to the cool dampness of Berlin",1
"Premium Rush","Premium Rush stars Joseph GordonLevitt as a bicycle messenger racing around New York City",1
"Prevenge","Alice Lowe wrote directed and stars in this British film about a pregnant serial killer on a darkly comedic odyssey dictated by her malicious fetus",1
"Prince of Broadway","Like its subject the movie is sharp charismatic and so light on its feet we never know which way it will turn",1
"Professor Marston and the Wonder Women","In Professor Marston and the Wonder Women the writerdirector Angela Robinson tells a knotty story with wit sympathy and economy",1
"Project X","Thomas Mann plays a highschool nobody who goes down in history after an extreme party in Project X directed by Nima Nourizadeh",1
"Putty Hill","Matt Porterfields Putty Hill is a moody fusion of fiction and documentary set in a workingclass neighborhood in Baltimore",1
"Queen of Katwe","In this stirring underdog story directed by Mira Nair Madina Nalwanga plays a young Ugandan with a gift for chess supported by Lupita Nyongo as her mother",1
"Queen of the Sun: What Are the Bees Telling Us?","Queen of the Sun Taggart Siegels revelatory documentary on honeybees beekeepers and colony collapse disorder",1
"Queen to Play","In Caroline Bottaros slight but captivating Queen to Play Sandrine Bonnaire plays a chambermaid empowered by her mastery of chess",1
"Quest","This documentary from Jonathan Olshefski follows a North Philadelphia family through the Obama years",1
"R","The Danish drama R set in a maximumsecurity prison isnt the goriest example of its genre but it is challenging nevertheless",1
"Racing Extinction","From the makers of The Cove this documentary centers on the slaughter of creatures for profit without regard for the environmental consequences",1
"Radio Dreams","A fictional San Francisco radio station provides a place for immigrants adrift to bond in the ether",1
"Raees","The king of Bollywood rarely plays the bad guy but in this film hes a criminal whos also fighting corruption in 1980s and 90s India",1
"Rango","Rango directed by Gore Verbinski and featuring the voice of Johnny Depp delights in paying homage to a wide range of westerns",1
"Raw","Julia Ducournaus film unfolds during rush week in a nightmarish veterinary school",1
"Red Hill","Red Hill is a galloping revenge tale that uses young blood to unearth old sins",1
"Red White & Blue","In Red White  Blue Amanda Fuller plays an aimless young woman whose poor choice in onenight stands catches up with her",1
"Redlegs","In Redlegs by Brandon Harris three friends are galvanized by the death of a buddy",1
"Rejoice and Shout","Rejoice and Shout a historical survey of AfricanAmerican gospel music illustrates how it evolved out of the fusion of plantation work songs and Christian hymns",1
"Reset","The job didnt work out in the end but this riveting film documents a choreographers cheerfully tenacious effort as well as his work on one ballet",1
"Restless Creature: Wendy Whelan","A documentary captures this ballerina at a critical moment in 2013 when she was both trying for a comeback and coming to terms with aging",1
"Restrepo","The documentary Restrepo which follows a company of American soldiers in Afghanistan has the spare lyrical force of an elegy",1
"Return","Liza Johnsons sober feature film debut about a soldier returning from overseas duty is a study of depression in a depressed environment",1
"Rid of Me","James Westbys ingenious black comedy Rid of Me follows a womans desperate attempt to fit in with her husbands notsowelcoming former highschool clique",1
"Rio","An animated comedy about a blue macaws adventures in Rio with the voice of Jesse Eisenberg as Blu the macaw",1
"Rosenwald","Aviva Kempner8217s documentary offers a stirring portrait of a Sears executive whose Rosenwald Fund dispensed fellowships to black artists and academics including W E B Du Bois and James Baldwin",1
"Rules Don’t Apply","This film takes comic aim at Hollywood absurdity and at Hughes the eccentric mogul",1
"Rush","Ron Howards Rush tells the story of James Hunt and Niki Lauda Formula One titans and rivals who in 1976 helped push racing into mainstream consciousness",1
"Sand Dollars","Geraldine Chaplin falls for a much younger woman while on a Caribbean vacation",1
"Sausage Party","In this freespirited romp through the supermarket pottymouthed foodstuffs give voice to matters both humorous and spiritual",1
"Savages","Savages Oliver Stones feverish adaptation of Don Winslows drugwar novel is a pulpy daylight noir a western a stoner buddy movie and a love story",1
"Saving Banksy","This documentary honors the streetbased work of the British artist known as Banksy and implicitly criticizes those who would try to turn profits from it",1
"Scheherazade, Tell Me a Story","Yousry Nasrallahs Scheherazade Tell Me a Story resets The Arabian Nights in modernday Cairo",1
"Scott Pilgrim vs. the World","The speedy funny happysad spirit of Scott Pilgrim vs the World is infectious",1
"Secret Sunshine","Lee Changdong is attentive to the routines and rhythms of everyday life in Secret Sunshine But there is nothing ordinary about this movie or about the story it tells",1
"See what I'm saying","This documentary about deaf entertainers focuses on four performers with varying degrees of hearing impairment",1
"Selma","Ava DuVernay8217s film 8220Selma8221 follows civil rights demonstrators in March 1965 across an Alabama bridge and into a new era for black Americans with progress made and promises unkept",1
"Seoul Searching","Set in 1986 the film introduces globally scattered youngsters to their heritage in a plot that both critiques and embraces stereotypes",1
"Shadowman","Richard Hambleton a peer of JeanMichel Basquiat and Keith Haring who went underground was painting right up until his death this fall",1
"Shaun the Sheep Movie","In this stopmotion animation film from the studio that made 8220Wallace  Gromit8221 the sheep run into trouble in their urban adventure",1
"Side Effects","Steven Soderberghs Side Effects follows twists and turns involving a fictitious antidepressant which has its own real Web site",1
"Silver Linings Playbook","Silver Linings Playbook directed by David O Russell finds a man played by Bradley Cooper returning home after a stint in a mental institution",1
"Skyfall","Daniel Craig returns as James Bond in Skyfall a playful 007 movie with exotic locales an island fortress and a fight on a moving train",1
"Solitary Man","In Solitary Man Michael Douglas plays a liar cynic compulsive womanizer and allaround jerk",1
"Something, Anything","In 8220Something Anything8221 a young newlywed disrupts her closest relationships as she tries to put her life back together after a traumatic loss",1
"Somewhere","Sofia Coppolas new film presents a star who has everything including emptiness",1
"Song to Song","This drama about intersecting love lives features themes like betrayal identity and art Religion appears too in the film set in Austin Tex",1
"Soufra","This documentary from Thomas Morgan about a female entrepreneur establishing a business just south of Beirut is a stirring tale of empowerment",1
"Splice","Adrien Brody and Sarah Polley star in a horror film that manages to touch on bioethics abortion and Freudian family dynamics",1
"Spotlight","In this gripping detective story a small group of reporters exposes the churchs role in covering up the sexual abuse of children by priests",1
"Spring Breakers","Spring Breakers delves into a deeply American topic the pursuit of happiness taken to nihilistic extremes",1
"St. Nick","St Nick has a brother and sister on the run Pioneer is a short that grows out of a bedtime story",1
"Star Wars: The Last Jedi","With charm and wit the latest Star Wars movie unites the past and present as it looks toward the future",1
"Starving the Beast","This documentary by Steve Mims describes an ideological war over public higher education that is being conducted state by state",1
"Steve Jobs","The movie burnishes the image of Apples cofounder even as it tries to peek behind the curtain at the gimcrack machinery of omnipotence",1
"Stones in the Sun","Haitian exiles in New York City are forced to confront the pain of their shared history in 8220Stones in the Sun8221",1
"Stonewall Uprising","Stonewall Uprising examines a police raid on the Stonewall Inn in Greenwich Village that touched off three days of unrest",1
"Stranger Things","In Stranger Things a young woman arrives in an English seaside village to clear out her dead mothers house and finds an unexpected resident",1
"Strongman","Strongman Zachary Levys lumpinthethroat portrait of an aging muscleman is an outsider tale of unforced rawness and lilting poignancy",1
"Sully","Sully Clint Eastwoods film about US Airways Flight 1549 largely involves what happens after he his crew and his passengers are plucked from the Hudson",1
"Summer Pasture","Lynn True Nelson Walker and Tsering Perlo followed a young family living as Tibetans have for 4000 years but aware of the pressures of modern life",1
"Sunday Ball","Eryk Rochas documentary turns churning legs and arms into a sensory experience thats bigger on poetry than on clarity",1
"Sunset Song","In Terence Daviess film scenes of Scottish rural life are stitched together in a slowmoving story rife with both natural beauty and tragedy",1
"Supersonic","This documentary looks at the rock groups founding members Liam and Noel Gallagher through older footage and animated recreations",1
"Swiss Army Man","Starring Daniel Radcliffe and Paul Dano this impossibletocategorize film about a castaway and a corpse is an original mix of the macabre and the magical",1
"Symphony of the Soil","The documentary Symphony of the Soil celebrates the nurturing powers of the ground beneath our feet",1
"T-Rex","Claressa Shields the first female boxer to win an Olympic gold medal is the indomitable center of Drea Cooper and Zackary Caneparis impressive documentary",1
"T2 Trainspotting","The sequel to the gloriously scabrous film that kickstarted the careers of Danny Boyle and Ewan McGregor illustrates the consequences of a misspent youth",1
"Tallulah","Almost a decade after Juno Ellen Page and Allison Janney are paired again in this film written and directed by Sian Heder",1
"Tangerine","Sean Baker8217s fast funny comedy shot on iPhones doesn8217t dive deep into transgender identity but shows that femininity is a mask that can be slipped on and off",1
"Tangled","With Tangled a version of the Rapunzel story Disney gives its classic animation an update of sorts",1
"Tatsumi","Eric Khoos documentary looks at how Yoshihiro Tatsumi made Japanese comics darker and more sophisticated",1
"Tears of Gaza","Wrenching footage of missile attacks and their civilian victims in Vibeke Lokkebergs film transcends the politics of the conflict that underlies the bloodshed",1
"Terms and Conditions May Apply","Terms and Conditions May Apply examines the repercussions of clicking on the Agree button on those dense and typically unread online user contracts",1
"The 100-Year-Old Man Who Climbed Out the Window and Disappeared","This often droll Swedish movie is a new entry in the genre that might be called Old People Behaving Hilariously",1
"The Adjustment Bureau","Matt Damon and Emily Blunt in a metaphysical mess in George Nolfis Adjustment Bureau",1
"The Army of Crime","The poet Missak Manouchian and other outsiders battle the German occupiers and their French collaborators",1
"The Artist","The Artist is a touching and mostly silent movie with a musical soundtrack about an aging film idol a peppy young actress and the passing of the silentmovie era",1
"The Autobiography of Nicolae Ceausescu","Andrei Ujicas documentary The Autobiography of Nicolae Ceausescu is a cinematic tour de force that tracks the rise reign and grim fall of that executed Romanian dictator",1
"The Best Exotic Marigold Hotel","Retirementage Britons travel to India where adventures await in the ensemble comedy The Best Exotic Marigold Hotel",1
"The Big Picture","The Big Picture is a French thriller about a husband who fakes his death after accidentally killing his wifes lover then assumes the lovers identity",1
"The Big Short","Adam McKays adaptation of Michael Lewiss account of fund managers who bet against the real estate bubble finds laughs within the crisis",1
"The Big Sick","Kumail Nanjiani stars opposite Zoe Kazan in this very funny moving true story about how he found and almost lost love Holly Hunter and Ray Romano also star",1
"The Boy and the World","Al Abreus film unleashes the exuberance of a child on the harsh realities of Brazil today with dark wit and satire",1
"The Breadwinner","The children in this animated film based on a novel by Deborah Ellis navigate life under the Taliban",1
"The Call","In The Call a 911 operator takes a lifealtering call from a teenage girl who has just been abducted",1
"The City Dark","The City Dark a documentary about light pollution explores what our increasing inability to see the night sky means for us philosophically as well as scientifically",1
"The Company Men","Ben Affleck and Chris Cooper play characters who learn that in a company concerned about the bottom line almost everyone is expendable",1
"The Confirmation","This Bob Nelson character study stars Clive Owen as a troubled handyman who has more than stolen tools on his mind",1
"The Conjuring","In James Wans horror tale The Conjuring Lili Taylor and Ron Livingston are terrorized by the bumps and creaks around them",1
"The Conjuring 2","James Wans sequel to his horror hit concerns a London poltergeist in 1977 Vera Farmiga and Patrick Wilson return as paranormal investigators",1
"The Counselor","Ridley Scott and Cormac McCarthy team up for The Counselor a tale of a corrupt highflying lawyer dealing with a drug cartel",1
"The Dark Horse","The Dark Horse a film inspired by a documentary is about Gen Potini a Maori speedchess player who used his skill to help young players",1
"The Dark Knight Rises","Christopher Nolans Dark Knight Rises wraps up his postSept 11 epic of ambivalent good vs multidimensional evil with a burst of light",1
"The Descendants","In The Descendants George Clooney plays the scion of an old Hawaii family with many troubles on his hands",1
"The Diary of a Teenage Girl","Bel Powley stars as a 15yearold who candidly chronicles the passion anxieties and adventures of adolescence",1
"The Discoverers","In The Discoverers a history professor takes his children on a familyfraught trip with historical reenactors",1
"The Dish & The Spoon","Alison Bagnalls film The Dish  the Spoon follows the relationship between a woman upset by her husbands infidelity and a British teenager",1
"The Edge of Seventeen","In its raw honesty The Edge of Seventeen like Clueless is among the best films about high school kids in years",1
"The Farthest","Emer Reynoldss dazzling film traces the history of Voyager 1 and Voyager 2 Like the NASA team that produced these spacecraft it inspires awe",1
"The Fighter","Mark Wahlberg and Christian Bale are brothers in the new David O Russell film The Fighter",1
"The Final Girls","This movie proves that with the right actors you can make an amusing movie even if a lot of the ideas are borrowed",1
"The Final Member","In the documentary The Final Member two men vie to have their penises entered into the Icelandic Phallological Museum as its first human specimen",1
"The Fits","This debut feature from Anna Rose Holmer centers on an 11yearold tomboy who trains as a boxer only to discover an interest in joining an allfemale dance team",1
"The Fool","In this film Mr Bykovs main character is frustrated after noticing a structural flaw that could lead to a buildings collapse",1
"The Future","The grieving teenagers of Il Futuro seek security in the care of some shady men and a love affair with a recluse",1
"The Ghost Writer","With The Ghost Writer Roman Polanski creates a wholly believable world rich in strange contradictions and ominous implications",1
"The Gift","Directed by Joel Edgerton this movie about a prosperous couple and their ominous new acquaintance takes several turns even after abandoning its formulaic premise",1
"The Gift to Stalin","The Gift to Stalin set in the Kazakh steppe in 1949 tells the story of a Jewish boy who escaped death in a purge and is taken in by an aging railway worker",1
"The Girl in the Book","Marya Cohns first feature stars Emily VanCamp as a publishing employee promoting a book that resurrects her painful history with a predatory writer",1
"The Girls in the Band","The Girls in the Band tells the story of women faced with racism and sexist male musicians in the 1930s and 40s",1
"The Good Dinosaur","Homo sapiens and giant reptiles coexist in this animated alternate universe version of Earth history",1
"The Good Guy","The Good Guy is fresh enough to provide the voyeuristic kick of glimpsing the frenzied lifestyle of aspiring masters of the universe",1
"The Grand Budapest Hotel","On its surface The Grand Budapest Hotel is a caper but this Wes Anderson film is also concerned with a complicated slice of 20thcentury European culture with some very ugly history",1
"The Grandmaster","Wong Karwais Grandmaster is a film about Ip Man a 20thcentury Chinese martial arts legend but also an exploration of opposing forces like loyalty and love",1
"The Great Beauty","In The Great Beauty a sybaritic writer now 65 considers the essence of Rome and his place in it",1
"The Great Flood","The Great Flood uses music and stark images to tell about the destruction and aftermath of the 1927 Mississippi River flood",1
"The Grey","Liam Neeson leads a group of men stranded in Alaska after a plane crash in Joe Carnahans film The Grey a lean strippeddown tale of survival in brutal circumstances",1
"The Hero","Brett Haleys lowkey feature about an older actor seeking redemption after being reduced to a clich belongs to its star Sam Elliott",1
"The History of Future Folk","In The History of Future Folk musicloving space aliens are on a mission to invade Earth",1
"The House I Live In","In the documentary The House I Live In Eugene Jarecki inspired by his longtime black caretaker investigates the countrys drug policy and its racial and class implications",1
"The Hunger Games: Mockingjay, Part 2","Jennifer Lawrence returns in the savior role in the closing chapter of this blockbuster series based on Suzanne Collinss books",1
"The Immaculate Conception of Little Dizzle","The Immaculate Conception of Little Dizzle is like Clerks reimagined by William S Burroughs",1
"The Immigrant","The Immigrant tells the story of a Polish womans arrival in New York in 1921 and the complicated scoundrel who forces her into prostitution",1
"The Incredible Jessica James","Jessica Williams shines as a young playwright struggling with rejection  professionally and romantically  in this film streaming on Netflix",1
"The Iron Ministry","J P Sniadecki spent nearly three years filming this documentary on the trains that carry tens of millions across the nation each year",1
"The Kids Are All Right","In Lisa Cholodenkos movie teenagers and their two moms have dinner and lots more with a newly found biological father",1
"The Last Exorcism","Daniel Stamms film The Last Exorcism follows a preacher whos lost faith as he is called on to oust the Devil from a teenage girl",1
"The Last Family","The difficult family life of the Polish painter Zdzislaw Beksinski makes for an often funny but also harrowing and heartbreaking film",1
"The Last Man on the Moon","This documentary is about Capt Eugene Cernan who for almost 44 years has held the distinction of being the last human being to step on the moon",1
"The Lie","Joshua Leonard wrote directed and stars in The Lie in which he wonders if it is possible to rewrite lives and remake choices",1
"The Light Between Oceans","Michael Fassbender and Alicia Vikander play an Australian couple who long for a child  and happen to find one  in this postWorld War I romance",1
"The Lips","In The Lips three social workers in the Argentine countryside help villagers confront hardships",1
"The Little Prince","A gray corporate world rendered in computer graphics enfolds the stopmotion universe of Antoine de SaintExuprys tender tale",1
"The Lobster","Yorgos Lanthimoss surreal allegory about tyrannical monogamy and its direct counterpart is dosed with bitterness as well as comic whimsy",1
"The Lost City of Z","Charlie Hunnam stars in this period adventure story about love loss and mystery in the Amazon from the director James Gray",1
"The Man Who Saved the World","This hybrid documentary centers on the life of Lt Col Stanislav Petrov who was in charge of the Soviet early warning systems overnight on Sept 26 1983",1
"The Martian","Matt Damon plays a stranded astronaut scrambling to stay alive and return to Earth in this sciencefiction thriller by Ridley Scott",1
"The Master","Philip Seymour Hoffman and Joaquin Phoenix star in Paul Thomas Andersons imposing confounding and altogether amazing new film",1
"The Meddler","As a mother and daughter Susan Sarandon and Rose Byrne portray a motherdaughter relationship that grows up",1
"The Meyerowitz Stories (New and Selected)","A career high and not just for this films writer and director Noah Baumbach",1
"The Mighty Macs","The Mighty Macs recounts how Cathy Rush turned the 1972 womens basketball team at tiny Immaculata College into national champions fighting stereotypes along the way",1
"The Missing Picture","In The Missing Picture the director Rithy Panh uses figurines and the usual documentary devices to relay his personal story regarding Cambodias killing fields",1
"The Muppets","In The Muppets the same adorable fuzzy folks are back in theaters as sweetly innocent and likable as ever",1
"The New Girlfriend","The director Franois Ozon offers a seriocomic exploration of crossdressing gender fluidity and desire in his adaptation of a dark story by Ruth Rendell",1
"The Peanuts Movie","The question with this revival of a franchise revered by nostalgic baby boomers is whether it will resonate with todays 7yearolds",1
"The Pirates! Band of Misfits","This stopmotion animation film from Aardman Animations about a band of hapless highseas troublemakers is a curiosity cabinet of visual pleasures",1
"The Playroom","The Playroom is a drama about a seemingly ideal family in the 1970s that has several cracks below the surface",1
"The Price We Pay","Harold Crookss documentary shows how the global financial system abets the growing concentration of wealth within a narrow minority",1
"The Prison in Twelve Landscapes","An unexpectedly moving look at the elements of the confinement industry that hide in plain sight",1
"The Rape of Recy Taylor","Nancy Buirskis film is one of multiple layers and marvelous gumption",1
"The Road","The Road conjures a hushed supernatural universe covering two decades after three joyriding teenagers disappear at night",1
"The Salesman","The ghost of Willy Loman hovers over this film from Asghar Farhadi but it seems occupied with its own dramatic issues our critic writes",1
"The Seasons in Quincy: Four Portraits of John Berger","These four film shorts each by a different director evoke aspects of a brilliant art historian and essayist living in the French Alps",1
"The Secret World of Arrietty","The Secret World of Arrietty an animated childrens film from Studio Ghibli has the small making wonderfully do in a world inhabited by and made for the big",1
"The Sessions","The Sessions is a touching profoundly sexpositive film that equates sex with intimacy",1
"The Shaft","The first feature from the young Chinese director Zhang Chi The Shaft Dixia de Tiankong feels as though it were made by a very old soul",1
"The Sleeping Beauty","In Catherine Breillats Sleeping Beauty the princess doesnt fall into a 100year slumber she hits the road for some adventure",1
"The Social Network","David Finchers film is less of a biopic of the Facebook cofounder than a gloss on the bootup logon plugin generation",1
"The Son of Joseph","Eugne Greens new movie is divided into five sections each titled after a biblical episode",1
"The Standbys","The director Stephanie Riggs follows the tribulations of three actors who are on call to step in for a star in a stage show",1
"The Stanford Prison Experiment","The film is about the notorious 1971 psychological study in which students were recruited to play either guards or inmates in a makebelieve prison",1
"The Take","Idris Elba and Richard Madden star in this wellexecuted variation of the buddycop formula set in Paris",1
"The Thoughts That Once We Had","A montage of film clips that takes us on a wild ride through cinematic history",1
"The Three Stooges","The Three Stooges is Peter and Bobby Farrellys paean to Moe Larry and Curly and the art of the eye poke",1
"The To Do List","In The To Do List Aubrey Plaza plays a smart and driven high school graduate who decides that she has been missing something and sets out to lose her virginity",1
"The Treasure","Corneliu Porumboiu this films director waits for dramatic events to arise instead of forcing the action",1
"The Trust","Nicolas Cage and Elijah Wood play policedepartment partners who deal with boredom social invisibility and pentup rage by planning a heist",1
"The Unknown Girl","A young doctor struggles with her conscience in this latest film from the Dardenne brothers",1
"The Wailing","Na Hongjins movie about demonic possession is an expansive and often excruciating horror film from South Korea",1
"The Walk","Robert Zemeckis restages the tightrope journey that Philippe Petit Joseph GordonLevitt took between the twin towers in 1974",1
"The Wedding Plan","Rama Burshtein received acclaim for her debut feature Fill the Void Now shes back with another biting multilayered romantic comedy",1
"The Wise Kids","The Wise Kids is an exploration of the growing pains of Christian teenagers in a Baptist church in Charleston SC who confront uncertainties about their sexuality and faith",1
"The Witch","Around 1630 in New England a family leaves a plantation to settle down alone at the edge of a forest",1
"The Wolf of Wall Street","Martin Scorseses The Wolf of Wall Street is three hours full of sex drugs and conspicuous consumption but what does it say about us",1
"The Woman Who Left","From the modern Philippines Lav Diazs haunting and pessimistic take on a Tolstoy story",1
"The Women's Balcony","The power and resourcefulness of women are on display in this smallscale comedy which manages to speak to a broader political movement",1
"The Woodmans","This documentary focuses on the artistic family of a young photographer who committed suicide",1
"The Yellow Sea","The South Korean film The Yellow Sea is a morality tale full of shocking images and rousing chase scenes",1
"The Yes Men Are Revolting","The third documentary follows this comic duo through some personal struggles as they train their sights on global warming",1
"Theeb","Naji Abu Nowars drama set in 1916 follows a young orphan alone and unarmed in the Arabic equivalent of the Wild West",1
"Theo Who Lived","A documentary follows Theo Padnos as he recreates his kidnapping and detainment by antiAmerican forces in Syria",1
"These Birds Walk","The documentary These Birds Walk chronicles a humanitarians efforts to help street children in Karachi Pakistan",1
"They Call it Myanmar: Lifting the Curtain","They Call It Myanmar explores the turbulent trajectory of this nation its history politics culture and future",1
"This Is Not A Film","Jafar Panahi one of the leading Iranian filmmakers who has been banned from making movies sits before a camera in This Is Not a Film",1
"Thunder Soul","Thunder Soul features a Houston highschool music director who turned his schools band into a celebrated funk institution",1
"Thy Father's Chair","The mess that two Brooklyn brothers make of their house in this documentary is unholy in several senses of the term",1
"Tibet in Song","Tibet in Song tells of an exile struggling with the Chinese to preserve the traditional music of his people",1
"Tickled","Two filmmakers had barely begun their reporting for this documentary when threats from the private world of tickling began",1
"Time to Choose","Charles Fergusons documentary is a sobering polemic about climate change that balances predictions of planetary doom with a survey of innovations in energy technology",1
"TiMER","Timer explores the choices that come when you know when youll meet your soul mate",1
"Toe to Toe","The films observations about race class and friendship are clear and accessible without being overly didactic",1
"Tom at the Farm","Xavier Dolan directs and stars in this film about a bereaved lover who discovers that his boyfriend8217s family had no idea that he had a gay companion",1
"Tomorrow","The fastfaced documentary Tomorrow profiles men and women with concrete solutions for moving away from fossil fuels and protecting the environment",1
"Toni Erdmann","The funniest almostthreehour German comedy you will ever see Maren Ades film is a thrilling act of defiance against the toxicity of doing what is expected",1
"Too Late","Noir pays tribute to noir with respect in this film by Dennis Hauck starring John Hawkes as a private investigator determined to avenge a murder",1
"Top Five","In 8220Top Five8221 Chris Rock and a rich lineup of fellow comedians tell the story of an actor who wrestles with his identity as he tries his hand at a serious film",1
"Toy Story 3","Woody Buzz Lightyear and the cast from the first two Toy Story installments are joined by a new set of playthings",1
"Train to Busan","Yeon Sanghos film set on a South Korean bullet train pits passengers against the spastic undead",1
"Trainwreck","The movie directed by Judd Apatow from Ms Schumer8217s script is a romantic comedy packed with popcultural references and edged with social critique",1
"Trophy","This thoughtful documentary raises tough questions about biggame hunting and wildlife conservation",1
"Troublemakers: The Story of Land Art","James Crumps film looks at artists who in the early 1960s headed into the open spaces of North America to mold the land",1
"True Adolescents","Mark Duplass stars in Craig Johnsons film True Adolescents which explores the sexual discomfort of boys and men not entirely secure in their masculinity",1
"True Grit","The Coen brothers remake of True Grit brings Rooster Cogburn and his brutish world back to a tougher Mattie Ross",1
"Truth","Truth starring Cate Blanchett and Robert Redford looks back at a 60 Minutes II report and its fallout",1
"Tuesday, After Christmas","Tuesday After Christmas a Romanian film directed by Radu Muntean tells the story of a married regular guy who is having an affair with his daughters dentist",1
"Two in the Wave","Two in the Wave about the French New Wave filmmakers Franois Truffaut and JeanLuc Godard is interested in its subjects artistic personalities",1
"Two Step","Alex R Johnson8217s featurelength debut is a nasty wellacted little gem that goes deep inside its characters8217 psyches",1
"UFO In Her Eyes","UFO in Her Eyes a satire directed by Xiaolu Guo is now showing at MoMA",1
"Uncle Howard","This documentary is a dual portrait of intertwined artists Howard Brookner who died of AIDS early in his career and his nephew Aaron Brookner now also a filmmaker",1
"Uncle John","The first feature from Steven Piet unfolds with murkiness and ambiguity",1
"Under African Skies","In Under African Skies the filmmaker Joe Berlinger recounts the controversy surrounding Paul Simons album Graceland",1
"Unraveled","The documentary Unraveled follows Marc Dreier a lawyer convicted of defrauding investors through elaborate schemes in the days before his sentencing",1
"Urban Hymn","A social worker tries to connect with a troubled 17yearold through music but the girls streettough best friend stands in the way",1
"Vacation","This comedy about a family8217s theme park journey is a sequel to 8220National Lampoon8217s Vacation8221 the 1983 Chevy Chase film",1
"Vacation!","Four college girlfriends hit a North Carolina beach in Vacation",1
"Valentino's Ghost","Michael Singhs documentary Valentinos Ghost looks at the intersection of Western politics in the Middle East and Hollywoods depiction of Arabs",1
"Valley of Saints","8220Valley of Saints8221 tells the story of two men whose plans are disrupted by a military curfew and whose friendship is threatened by a shared love interest",1
"Veteran","The film follows an honest detective taking on the pampered sociopathic heir to a familyowned business conglomerate",1
"Viva","A macho father released from prison decides to move in with the son he abandoned who is a sweetnatured gay hairdresser and an aspiring drag queen",1
"Wagner's Dream","Wagners Dream directed by Susan Froemke is a documentary that gives a behindthescenes look at the making of Robert Lepages staging of the fourpart Ring cycle for the Metropolitan Opera",1
"Waiting for 'Superman'","A powerful and alarming documentary about Americas failing public school system",1
"War Dogs","Jonah Hill and Miles Teller play 20something entrepreneurs who plunge into the weaponry business and end up in over their heads",1
"War for the Planet of the Apes","With Andy Serkis reprising his role as Caesar War for the Planet of the Apes is a humane western wrapped around a prison movie as primates battle for primacy",1
"War Horse","War Horse set in World War I and directed by Steven Spielberg pays tribute to a tradition of honest emotionally direct storytelling",1
"Warrior","Gavin OConnors Warrior follows two estranged brothers who are separately preparing for a mixed martial arts tournament",1
"We Come as Friends","Hubert Sauper8217s documentary blends striking visuals with a pointed argument that outside investors seeking profits played a big role in the region8217s independence movement",1
"We Were Here","We Were Here is an unblinking chronology of the AIDS epidemic recounted by five people who lived through it and watched countless friends and lovers die",1
"Welcome to Me","Ms Wiig8217s character decides to spend a major financial windfall on buying her own talk show in this dark comedy directed by Shira Piven",1
"What Maisie Knew","What Maisie Knew an adaptation of the Henry James short novel is about a young girl caught in a custody battle between her mother and father",1
"What We Do in the Shadows","The film directed by Jemaine Clement and Taika Waititi is set in New Zealand and follows four ghouls who have problems adapting to the modern world",1
"When I Walk","The director Jason DaSilva records his daily battle with a degenerative disease in When I Walk",1
"While We're Young","In Noah Baumbach8217s film Ben Stiller and Naomi Watts play a couple in their 40s who become captivated by a younger pair who seem to freely embrace experience",1
"White Girl","Elizabeth Woods film stars Morgan Saylor as a wild college ingenue who winds up struggling when her new drugdealing boyfriend is arrested",1
"Wild","8220Wild8221 stars Reese Witherspoon as a woman who takes on an arduous solo trek along the Pacific Crest Trail",1
"Wilde Salomé","A story of obsession plays out in Wilde Salom and Salom as Mr Pacino veers into Camp",1
"Win Win","Paul Giamatti plays a struggling suburbanite facing the usual material and moral anxieties in Win Win Tom McCarthys funny and warmhearted new film",1
"Wind River","A rookie investigator meets her match while investigating a murder on an Indian reservation",1
"Window Horses: The Poetic Persian Epiphany of Rosie Ming","Ann Marie Flemings film explores the passions of a sheltered poet who travels to Shiraz Iran for a poetry festival",1
"Winnie the Pooh","This Winnie the Pooh has no bells and whistles it is comfortable with itself and confident in its ability to amuse and beguile young viewers",1
"Winter's Bone","Debra Graniks tender adaptation of a novel by Daniel Woodrell follows a young woman in the Missouri Ozarks as she sets out to find her father",1
"Wonder","Auggie the little boy in this smart and warmhearted family film is inspirational in his differences",1
"Wonder Woman","The movie directed by Patty Jenkins and starring Gal Gadot shakes off branding imperatives with touches of screwball comedy and romantic adventure",1
"Wonderstruck","Mr Hayness lovely adaptation of Brian Selznicks book centers on a girl in the 1920s and a boy in the 70s whose lives are mysteriously connected",1
"Wreck-It Ralph","Video games and cartoons meet in the new Disney feature WreckIt Ralph",1
"Xingu","Xingu tells how three brothers hoping to protect indigenous people in the Amazon helped create a sprawling national park in Brazil",1
"You Hurt My Feelings","You Hurt My Feelings is a fragile sophomore feature that reminds us that watching movies matters more than listening to them",1
"You Will Be My Son","You Will Be My Son traces fractured fatherson relationships on a vineyard in France",1
"You're Next","Youre Next by Adam Wingard has masked killers with crossbows and a plot full of surprises",1
"Young Adult","In Young Adult Charlize Theron plays a pretty and poised but mean and selfpitying woman who tries to get out of a rut by returning home and reconnecting with her youth",1
"Your Name","Manohla Dargis reviews Makoto Shinkais latest film a lovely and touching Japanese animation in which teenagers find themselves trading bodies and lives",1
"Youth","Crude fantasy seems to merge with the daily reality of a militarized society as brothers try to save their family from financial ruin in this Tom Shoval film",1
"Z for Zachariah","Margot Robbie stars in Craig Zobel8217s postapocalyptic film about three survivors of the nuclear holocaust caught in a triangle",1
"Zero Dark Thirty","Zero Dark Thirty treads on unusual territory for moviegoers used to Hollywoods practice of simplifying morality",1
"Zero Days","This Alex Gibney documentary describes the origin of Stuxnet malware devised by Israel and the United States with grave implications for the future",1
"Zoom","Alison Pill Jason Priestley Gael Garca Bernal and Mariana Ximenes star in Pedro Morellis amusing mix of animation and live action",1
"Zootopia","As the first rabbit police officer in Zootopia Judy Hopps is stuck writing parking tickets but the ambitious bunny pokes her nose into a missingmammal epidemic",1
